method,pair,n,simwavlm,simecapa,f0pcc,wer,utmos
a1_no_phi_test,en_en,25,"0.518 [0.485,0.554]","-0.049 [-0.069,-0.028]","0.015 [-0.136,0.144]","0.995 [0.988,1.000]","1.147 [1.139,1.154]"
a1_no_phi_test,en_zh,25,"0.520 [0.486,0.555]","-0.048 [-0.070,-0.025]","0.019 [-0.127,0.149]","1.174 [1.062,1.310]","1.155 [1.149,1.161]"
a1_no_phi_test,zh_en,25,"0.406 [0.385,0.428]","-0.046 [-0.056,-0.036]","-0.017 [-0.100,0.073]","1.004 [0.993,1.020]","1.157 [1.143,1.168]"
a1_no_phi_test,zh_zh,25,"0.409 [0.389,0.428]","-0.046 [-0.056,-0.037]","0.028 [-0.062,0.121]","1.156 [0.995,1.389]","1.146 [1.136,1.155]"
a1_no_phi_test,en_es,25,"0.519 [0.487,0.554]","-0.048 [-0.068,-0.026]","0.014 [-0.134,0.141]","0.974 [0.963,0.984]","1.156 [1.150,1.162]"
a1_no_phi_test,en_fr,25,"0.518 [0.486,0.551]","-0.047 [-0.067,-0.026]","0.014 [-0.147,0.156]","0.999 [0.997,1.000]","1.155 [1.147,1.161]"
a1_no_phi_test,en_de,25,"0.515 [0.485,0.547]","-0.049 [-0.069,-0.028]","0.042 [-0.095,0.163]","0.997 [0.992,1.000]","1.156 [1.151,1.160]"
a1_no_phi_test,en_hi,25,"0.506 [0.473,0.541]","-0.046 [-0.066,-0.024]","0.009 [-0.142,0.138]","0.962 [0.945,0.976]","1.155 [1.151,1.159]"
a1_no_phi_test,en_ja,25,"0.517 [0.484,0.552]","-0.048 [-0.070,-0.027]","0.052 [-0.096,0.186]","0.933 [0.922,0.943]","1.152 [1.145,1.159]"
a1_no_phi_test,zh_ja,25,"0.390 [0.372,0.407]","-0.047 [-0.056,-0.038]","0.014 [-0.062,0.097]","0.943 [0.937,0.951]","1.152 [1.143,1.160]"
a3_no_cycle,en_en,25,"0.520 [0.487,0.556]","-0.049 [-0.069,-0.027]","0.035 [-0.106,0.153]","0.995 [0.988,1.000]","1.154 [1.147,1.162]"
a3_no_cycle,en_zh,25,"0.518 [0.484,0.554]","-0.048 [-0.069,-0.026]","0.033 [-0.113,0.170]","1.131 [1.043,1.247]","1.154 [1.144,1.162]"
a3_no_cycle,zh_en,25,"0.403 [0.380,0.425]","-0.047 [-0.057,-0.038]","-0.006 [-0.088,0.077]","0.998 [0.993,1.000]","1.150 [1.138,1.161]"
a3_no_cycle,zh_zh,25,"0.412 [0.393,0.431]","-0.048 [-0.057,-0.038]","0.025 [-0.061,0.115]","1.119 [1.023,1.244]","1.156 [1.147,1.166]"
a3_no_cycle,en_es,25,"0.519 [0.487,0.553]","-0.049 [-0.069,-0.028]","-0.006 [-0.154,0.129]","0.976 [0.965,0.986]","1.154 [1.145,1.161]"
a3_no_cycle,en_fr,25,"0.519 [0.488,0.552]","-0.046 [-0.067,-0.025]","0.038 [-0.109,0.167]","0.999 [0.997,1.000]","1.154 [1.149,1.160]"
a3_no_cycle,en_de,25,"0.516 [0.486,0.548]","-0.049 [-0.070,-0.027]","-0.024 [-0.174,0.110]","0.997 [0.992,1.000]","1.161 [1.154,1.168]"
a3_no_cycle,en_hi,25,"0.509 [0.477,0.544]","-0.045 [-0.067,-0.024]","0.007 [-0.132,0.131]","0.972 [0.954,0.997]","1.158 [1.151,1.165]"
a3_no_cycle,en_ja,25,"0.521 [0.489,0.556]","-0.048 [-0.068,-0.026]","0.012 [-0.123,0.130]","0.933 [0.922,0.943]","1.155 [1.149,1.160]"
a3_no_cycle,zh_ja,25,"0.388 [0.370,0.406]","-0.047 [-0.057,-0.037]","-0.008 [-0.089,0.081]","0.943 [0.937,0.951]","1.156 [1.147,1.163]"
b1_f5,en_en,25,"0.911 [0.888,0.931]","0.647 [0.616,0.675]","0.323 [0.168,0.481]","0.216 [0.110,0.340]",—
b1_f5,en_zh,25,"0.823 [0.792,0.850]","0.500 [0.470,0.530]","0.132 [-0.028,0.283]","0.304 [0.185,0.438]",—
b1_f5,zh_en,25,"0.898 [0.878,0.915]","0.582 [0.528,0.633]","0.138 [0.032,0.254]","0.886 [0.730,1.039]",—
b1_f5,zh_zh,25,"0.915 [0.905,0.925]","0.607 [0.557,0.653]","-0.057 [-0.168,0.048]","1.044 [0.833,1.295]",—
b1_f5,en_es,25,"0.897 [0.869,0.922]","0.623 [0.585,0.657]","0.148 [0.007,0.290]","0.847 [0.715,0.978]",—
b1_f5,en_fr,25,"0.917 [0.897,0.935]","0.623 [0.590,0.653]","0.248 [0.110,0.384]","0.836 [0.664,1.028]",—
b1_f5,en_de,25,"0.911 [0.884,0.933]","0.651 [0.617,0.681]","0.060 [-0.106,0.220]","0.867 [0.774,0.960]",—
b1_f5,en_hi,25,"0.894 [0.872,0.914]","0.530 [0.487,0.571]","0.046 [-0.140,0.235]","1.201 [1.048,1.398]",—
b1_f5,en_ja,25,"0.844 [0.818,0.870]","0.487 [0.454,0.520]","0.066 [-0.091,0.234]","1.013 [0.941,1.092]",—
b1_f5,zh_ja,25,"0.878 [0.847,0.904]","0.482 [0.401,0.557]","0.048 [-0.077,0.165]","0.973 [0.939,1.018]",—
b2_random_adam,en_en,25,"0.912 [0.885,0.934]","0.643 [0.608,0.675]","0.186 [-0.013,0.349]","0.158 [0.076,0.245]","2.411 [2.270,2.550]"
b2_random_adam,en_zh,25,"0.811 [0.781,0.839]","0.488 [0.458,0.516]","0.125 [-0.029,0.284]","0.247 [0.161,0.343]","2.467 [2.324,2.605]"
b2_random_adam,zh_en,25,"0.893 [0.877,0.909]","0.522 [0.452,0.583]","0.144 [0.020,0.283]","1.138 [0.867,1.457]","1.640 [1.505,1.779]"
b2_random_adam,zh_zh,25,"0.902 [0.889,0.916]","0.541 [0.478,0.600]","0.031 [-0.058,0.123]","1.037 [0.792,1.371]","1.535 [1.416,1.660]"
b2_random_adam,en_es,25,"0.902 [0.882,0.920]","0.595 [0.564,0.624]","0.133 [0.038,0.231]","0.842 [0.734,0.958]","2.337 [2.189,2.466]"
b2_random_adam,en_fr,25,"0.911 [0.892,0.929]","0.612 [0.584,0.639]","0.231 [0.083,0.368]","0.841 [0.714,0.992]","2.319 [2.163,2.462]"
b2_random_adam,en_de,25,"0.912 [0.888,0.933]","0.618 [0.580,0.653]","-0.002 [-0.151,0.153]","0.920 [0.816,1.015]","2.293 [2.117,2.455]"
b2_random_adam,en_hi,25,"0.883 [0.860,0.905]","0.490 [0.436,0.538]","0.004 [-0.173,0.187]","1.046 [0.984,1.119]","1.909 [1.764,2.049]"
b2_random_adam,en_ja,25,"0.827 [0.800,0.853]","0.488 [0.460,0.518]","0.101 [-0.066,0.259]","1.139 [0.963,1.345]","2.058 [1.923,2.193]"
b2_random_adam,zh_ja,25,"0.843 [0.802,0.879]","0.428 [0.348,0.501]","0.150 [-0.003,0.297]","1.062 [0.952,1.242]","1.620 [1.501,1.737]"
b3_meta_init_only,en_en,25,"0.519 [0.487,0.554]","-0.048 [-0.069,-0.026]","0.015 [-0.140,0.156]","0.995 [0.988,1.000]","1.149 [1.139,1.158]"
b3_meta_init_only,en_zh,25,"0.520 [0.487,0.555]","-0.047 [-0.069,-0.026]","-0.008 [-0.167,0.135]","1.137 [1.043,1.257]","1.149 [1.142,1.155]"
b3_meta_init_only,zh_en,25,"0.398 [0.375,0.421]","-0.046 [-0.055,-0.036]","-0.036 [-0.123,0.058]","0.994 [0.985,1.000]","1.151 [1.141,1.161]"
b3_meta_init_only,zh_zh,25,"0.407 [0.388,0.426]","-0.048 [-0.058,-0.038]","0.012 [-0.069,0.101]","1.194 [1.039,1.390]","1.152 [1.144,1.160]"
b3_meta_init_only,en_es,25,"0.519 [0.487,0.553]","-0.048 [-0.068,-0.026]","0.010 [-0.130,0.136]","0.974 [0.963,0.984]","1.154 [1.147,1.160]"
b3_meta_init_only,en_fr,25,"0.517 [0.486,0.549]","-0.048 [-0.068,-0.027]","0.045 [-0.097,0.174]","0.999 [0.997,1.000]","1.149 [1.141,1.156]"
b3_meta_init_only,en_de,25,"0.515 [0.484,0.547]","-0.050 [-0.070,-0.028]","-0.001 [-0.144,0.126]","0.997 [0.992,1.000]","1.159 [1.152,1.165]"
b3_meta_init_only,en_hi,25,"0.505 [0.472,0.540]","-0.045 [-0.066,-0.024]","-0.001 [-0.139,0.130]","0.972 [0.953,0.999]","1.157 [1.153,1.162]"
b3_meta_init_only,en_ja,25,"0.519 [0.488,0.554]","-0.047 [-0.068,-0.026]","-0.016 [-0.186,0.144]","0.933 [0.922,0.943]","1.154 [1.148,1.160]"
b3_meta_init_only,zh_ja,25,"0.386 [0.368,0.403]","-0.047 [-0.057,-0.037]","-0.009 [-0.081,0.069]","0.943 [0.937,0.951]","1.155 [1.146,1.165]"
b3_v2,en_en,25,"0.915 [0.894,0.934]","0.657 [0.626,0.685]","0.256 [0.067,0.434]","0.232 [0.132,0.345]","2.531 [2.416,2.648]"
b3_v2,en_zh,25,"0.826 [0.795,0.853]","0.515 [0.483,0.545]","0.077 [-0.089,0.248]","0.272 [0.172,0.393]","2.501 [2.365,2.629]"
b3_v2,zh_en,25,"0.862 [0.813,0.896]","0.550 [0.484,0.609]","0.080 [-0.061,0.227]","1.018 [0.819,1.202]","1.554 [1.410,1.715]"
b3_v2,zh_zh,25,"0.894 [0.877,0.911]","0.565 [0.501,0.624]","0.026 [-0.095,0.147]","0.878 [0.728,1.055]","1.460 [1.340,1.589]"
b3_v2,en_es,25,"0.906 [0.885,0.925]","0.631 [0.597,0.661]","0.219 [0.081,0.359]","0.836 [0.705,0.971]","2.416 [2.291,2.542]"
b3_v2,en_fr,25,"0.914 [0.894,0.933]","0.636 [0.605,0.667]","0.273 [0.105,0.432]","0.918 [0.774,1.090]","2.432 [2.309,2.559]"
b3_v2,en_de,25,"0.919 [0.898,0.935]","0.656 [0.621,0.686]","0.028 [-0.143,0.192]","0.948 [0.823,1.074]","2.448 [2.326,2.569]"
b3_v2,en_hi,25,"0.873 [0.829,0.907]","0.526 [0.480,0.573]","-0.017 [-0.219,0.177]","1.073 [0.974,1.186]","2.062 [1.926,2.193]"
b3_v2,en_ja,25,"0.836 [0.805,0.866]","0.499 [0.465,0.532]","0.039 [-0.138,0.222]","0.988 [0.917,1.069]","2.134 [2.042,2.233]"
b3_v2,zh_ja,25,"0.841 [0.802,0.877]","0.463 [0.384,0.537]","0.059 [-0.133,0.235]","1.241 [1.003,1.554]","1.482 [1.371,1.587]"
ours,en_en,25,"0.523 [0.490,0.559]","-0.049 [-0.070,-0.027]","0.006 [-0.139,0.138]","0.995 [0.988,1.000]","1.144 [1.135,1.152]"
ours,en_zh,25,"0.523 [0.488,0.560]","-0.049 [-0.070,-0.027]","0.018 [-0.126,0.152]","1.119 [1.031,1.236]","1.155 [1.152,1.159]"
ours,zh_en,25,"0.405 [0.382,0.427]","-0.046 [-0.056,-0.036]","-0.003 [-0.087,0.089]","0.996 [0.991,1.000]","1.154 [1.143,1.165]"
ours,zh_zh,25,"0.409 [0.390,0.427]","-0.047 [-0.057,-0.037]","0.001 [-0.077,0.082]","1.352 [1.075,1.725]","1.155 [1.143,1.166]"
ours,en_es,25,"0.522 [0.489,0.557]","-0.048 [-0.068,-0.026]","0.051 [-0.107,0.194]","0.974 [0.963,0.984]","1.149 [1.141,1.156]"
ours,en_fr,25,"0.518 [0.485,0.551]","-0.047 [-0.068,-0.026]","0.041 [-0.100,0.169]","0.999 [0.997,1.000]","1.152 [1.147,1.157]"
ours,en_de,25,"0.518 [0.487,0.550]","-0.049 [-0.070,-0.028]","0.040 [-0.110,0.174]","0.997 [0.992,1.000]","1.151 [1.143,1.158]"
ours,en_hi,25,"0.506 [0.474,0.542]","-0.046 [-0.066,-0.024]","0.009 [-0.146,0.148]","0.966 [0.956,0.976]","1.152 [1.145,1.157]"
ours,en_ja,25,"0.521 [0.490,0.554]","-0.048 [-0.068,-0.027]","0.021 [-0.125,0.149]","0.933 [0.922,0.943]","1.160 [1.154,1.166]"
ours,zh_ja,25,"0.390 [0.373,0.407]","-0.046 [-0.056,-0.037]","0.004 [-0.079,0.092]","0.943 [0.937,0.951]","1.147 [1.140,1.153]"
ours_v2,en_en,25,"0.915 [0.894,0.934]","0.659 [0.628,0.688]","0.211 [0.031,0.383]","0.195 [0.112,0.286]","2.546 [2.430,2.663]"
ours_v2,en_zh,25,"0.827 [0.798,0.854]","0.512 [0.478,0.542]","0.107 [-0.073,0.287]","0.257 [0.166,0.360]","2.510 [2.367,2.641]"
ours_v2,zh_en,25,"0.864 [0.815,0.897]","0.552 [0.485,0.612]","0.123 [-0.017,0.266]","1.070 [0.846,1.295]","1.581 [1.438,1.736]"
ours_v2,zh_zh,25,"0.896 [0.880,0.912]","0.564 [0.500,0.623]","0.093 [-0.030,0.210]","0.809 [0.706,0.900]","1.508 [1.389,1.641]"
ours_v2,en_es,25,"0.905 [0.882,0.925]","0.632 [0.598,0.661]","0.186 [0.039,0.320]","0.771 [0.671,0.868]","2.384 [2.260,2.502]"
ours_v2,en_fr,25,"0.913 [0.892,0.932]","0.637 [0.603,0.669]","0.276 [0.122,0.432]","0.811 [0.702,0.934]","2.399 [2.274,2.525]"
ours_v2,en_de,25,"0.918 [0.894,0.937]","0.657 [0.623,0.686]","0.034 [-0.141,0.207]","0.895 [0.777,1.025]","2.466 [2.337,2.589]"
ours_v2,en_hi,25,"0.875 [0.833,0.907]","0.526 [0.480,0.573]","-0.015 [-0.212,0.175]","1.099 [1.016,1.191]","2.087 [1.954,2.230]"
ours_v2,en_ja,25,"0.834 [0.802,0.864]","0.498 [0.465,0.531]","-0.005 [-0.170,0.161]","1.052 [0.964,1.147]","2.137 [2.045,2.234]"
ours_v2,zh_ja,25,"0.844 [0.807,0.878]","0.465 [0.386,0.538]","0.010 [-0.147,0.167]","1.121 [0.973,1.327]","1.464 [1.355,1.570]"
